timestamp,role,overall_score,hiring_recommendation
2026-06-14T01:54:41,Engineer,8,Recommend
2026-06-14T01:54:41,Engineer,7,Hold
2026-06-15T03:22:17,Data Scientist,7,"Recommend for a Data Scientist role, particularly in product-focused teams. Displays strong business acumen, excellent A/B testing skills, and the ability to articulate complex technical ideas in a business context. Some areas for deeper analytical investigation and initial model evaluation could be strengthened."
2026-06-15T16:13:04,Data Scientist,8,Recommend moving forward to next round.
2026-06-15T18:24:39,Data Scientist,8,Recommend moving forward to next round.
2026-06-15T18:46:38,Data Scientist,8,Recommend moving forward to next round.
2026-06-15T18:56:31,Data Scientist,8,Recommend moving forward to next round.
2026-06-15T19:09:08,Data Scientist,8,Recommend moving forward to next round.
2026-06-20T22:57:06,Data Scientist,8,Hire
2026-06-20T22:57:47,Data Scientist,9,Hire
2026-06-20T22:58:13,Data Scientist,9,Hire
2026-06-27T23:30:36,Data Scientist,6,Reject
2026-06-28T00:04:56,Data Scientist,8,Hire
